Workbook

Sheet Risk & Mitigant
A1: Mapetite – Problemi dei ristoratori: risk & mitigant e fattibilità
A2: Versione 17/10/2026 · Punteggi 1–5 in blu = stima qualitativa da validare · Score e ranking calcolati con i pesi del foglio Legenda
A4: # | B4: Area | C4: Problema (rischio per il ristoratore) | D4: Evidenza / dato | E4: Fonte | F4: Mitigant (come si risolve) | G4: Feature in Mapetite | H4: Complessità tecnica | I4: Prerequisiti e vincoli | J4: Dipendenza da utenti Mapetite | K4: Già presidiato da | L4: Fase consigliata | M4: Valore ristoratore (1–5) | N4: Vantaggio Mapetite (1–5) | O4: Fattibilità (1–5) | P4: Score | Q4: Rank
A5: 1 | B5: Prenotazioni | C5: No-show e prenotazioni multiple: il cliente prenota più locali per la stessa sera e si presenta in uno solo, senza avvisare. | D5: No-show medio 12,8% delle prenotazioni; il 33,8% delle prenotazioni subisce variazioni, cancellazioni o no-show. La pre-autorizzazione su carta riduce i no-show di circa 3 volte (ristoranti stellati). | E5: S1, S2, S4 | F5: Garanzia con carta / caparra + reminder con conferma attiva e rilascio del tavolo in un tap (il no-show diventa cancellazione anticipata). | G5: "Link garanzia": il ristoratore che prende prenotazioni al telefono o su WhatsApp invia un link Mapetite; il cliente salva la carta, la penale si addebita solo in caso di no-show secondo la policy del locale. Reminder automatici T-24h / T-3h con "Confermo" / "Libero il tavolo". | H5: Media | I5: Stripe Connect (onboarding/KYC esercente), salvataggio carta per addebito successivo, autenticazione forte (SCA), policy e T&C chiari (parere legale), gestione contestazioni. Mini-pannello ristoratore. | J5: Bassa – funziona anche con i clienti propri del locale (cuneo B2B senza massa critica) | K5: TheFork (garanzia carta ai partner), Cooperto, gestionali internazionali (es. SevenRooms, Tock) | L5: Fase 2 | M5: 5 | N5: 2 | O5: 3 | P5: =M5*Legenda!$C$4+N5*Legenda!$C$5+O5*Legenda!$C$6 -> 3.45 | Q5: =RANK(P5,$P$5:$P$17) -> 7
A6: 2 | B6: Prenotazioni | C6: Tavolo liberato all'ultimo minuto che resta vuoto: anche se il cliente avvisa, non c'è tempo per riempirlo. | D6: n.d. – da validare con interviste (tasso di ri-occupazione dei tavoli cancellati). | E6: — | F6: Rivendere subito il tavolo a domanda vicina e già intenzionata. | G6: "Tavolo appena liberato": il ristoratore preme un pulsante (o si attiva in automatico dalla cancellazione della riga 1); gli utenti Mapetite che stanno cercando in zona o hanno salvato il locale ricevono badge/notifica. Unisce discovery e intento: è nativo per Mapetite. | H6: Media | I6: Notifiche push della PWA (su iPhone solo se l'app è aggiunta alla schermata Home), filtro per zona/ricerca attiva, pannello ristoratore. | J6: Alta – serve densità di utenti attivi nella stessa zona e fascia oraria | K6: Da verificare (formula real-time poco diffusa in Italia: non documentato) | L6: Fase 3 | M6: 4 | N6: 5 | O6: 3 | P6: =M6*Legenda!$C$4+N6*Legenda!$C$5+O6*Legenda!$C$6 -> 4.1 | Q6: =RANK(P6,$P$5:$P$17) -> 3
A7: 3 | B7: Prenotazioni | C7: Prenotazioni perse fuori orario: il cliente cerca la sera o la mattina, il locale è chiuso o al telefono non risponde nessuno. | D7: Il 51,5% delle prenotazioni arriva quando il locale è chiuso; 8 ristoranti su 10 usano ancora l'agenda cartacea. | E7: S3 | F7: Canale di richiesta asincrono 24/7, senza obbligo di gestionale. | G7: Pulsante "Richiedi tavolo" nella scheda locale: richiesta strutturata (data, ora, persone, note) inviata al ristoratore via email (poi WhatsApp); conferma con un tap. Nessuna integrazione con il gestionale del locale. | H7: Bassa-Media | I7: Email transazionale; WhatsApp Business API in seconda battuta (costi e approvazione Meta). Gestione stato richiesta lato utente. | J7: Media – utile anche con pochi utenti, cresce con il traffico | K7: TheFork, Cooperto, gestionali di prenotazione | L7: Fase 2 | M7: 4 | N7: 3 | O7: 4 | P7: =M7*Legenda!$C$4+N7*Legenda!$C$5+O7*Legenda!$C$6 -> 3.65 | Q7: =RANK(P7,$P$5:$P$17) -> 6
A8: 4 | B8: Costi di intermediazione | C8: Commissioni per coperto delle piattaforme di prenotazione, percepite come elevate e unilaterali. | D8: TheFork piano base: €2–4 + IVA per coperto a cena (dato 2017); aumento del 12,6% nel 2023 contestato da Fipe. | E8: S5, S6 | F8: Modello di prezzo prevedibile: canone fisso, zero commissione per coperto. | G8: Scelta di business model, non di codice: abbonamento mensile flat per le funzioni B2B (righe 1, 3, 7, 8), nessuna fee per coperto. Messaggio pitch: Mapetite è dalla parte del ristoratore. | H8: Bassa | I8: Da fissare nel business plan con Roberto; coerenza con le proiezioni di ricavo. | J8: Alta – il ristoratore paga un canone solo se Mapetite porta clienti | K8: — | L8: Ora (decisione pitch) | M8: 4 | N8: 4 | O8: 5 | P8: =M8*Legenda!$C$4+N8*Legenda!$C$5+O8*Legenda!$C$6 -> 4.25 | Q8: =RANK(P8,$P$5:$P$17) -> 2
A9: 5 | B9: Costi di intermediazione | C9: Commissioni delle piattaforme di delivery che azzerano il margine sugli ordini a domicilio. | D9: Commissioni 22–35% sull'ordine (Italia, 2020); 25–35% Deliveroo/Glovo (griglie Francia 2026). | E9: S7, S8 | F9: Ordine diretto / ritiro al locale. | G9: NON entrare nel delivery (logistica, rider, capitale). Al massimo un link "Ordina direttamente dal locale" in scheda, se il locale lo fornisce. | H9: Alta | I9: Logistica, rider, pagamenti, assistenza: fuori portata e fuori core. | J9: — | K9: Glovo, Deliveroo, Just Eat, Uber Eats | L9: Non fare | M9: 3 | N9: 1 | O9: 1 | P9: =M9*Legenda!$C$4+N9*Legenda!$C$5+O9*Legenda!$C$6 -> 1.8 | Q9: =RANK(P9,$P$5:$P$17) -> 13
A10: 6 | B10: Reputazione | C10: Recensioni false e ricatti ("paga o ti affossiamo"), review bombing dopo licenziamenti o per concorrenza. | D10: Il 60% dei ristoratori dichiara danni da recensioni false; l'8,6% delle recensioni 2024 sulle principali piattaforme è risultato falso. Casi documentati di offerte da 100 recensioni per €400 con minacce. | E10: S9, S10 | F10: Segnali verificati e lettura dei pattern ricorrenti, non dei singoli voti. | G10: (a) Il verdict AI sintetizza già pattern ricorrenti con vincolo anti-invenzione; (b) recensioni interne Mapetite solo da utenti con visita verificata (es. prenotazione via Mapetite); (c) badge "Recensioni verificate Mapetite" esportabile dal ristoratore. | H10: Media | I10: Google Places restituisce al massimo 5 recensioni per locale: l'analisi anti-anomalie su dati Google non è possibile, solo su recensioni interne. Policy di moderazione. | J10: Alta per (b) e (c); (a) già operativo | K10: Google e TripAdvisor (con efficacia contestata dai ristoratori) | L10: Fase 3 | M10: 4 | N10: 5 | O10: 3 | P10: =M10*Legenda!$C$4+N10*Legenda!$C$5+O10*Legenda!$C$6 -> 4.1 | Q10: =RANK(P10,$P$5:$P$17) -> 3
A11: 7 | B11: Visibilità | C11: Locali di qualità con poche recensioni penalizzati dagli algoritmi basati su volume e stelle. | D11: n.d. – è la tesi di Mapetite; da validare con interviste e con dati d'uso. | E11: — | F11: Discovery basata sul match tra intento dell'utente e caratteristiche reali del locale. | G11: Già core (ricerca AI + verdict). Lato B2B: profilo rivendicato con informazioni curate dal locale (specialità, occasioni, atmosfera) che migliorano il matching. Nessun posizionamento a pagamento mescolato ai risultati organici: eventuale sponsorizzato solo etichettato e separato. | H11: Media | I11: Verifica della titolarità del locale; regole editoriali scritte su organico vs sponsorizzato (credibilità verso utenti e investitori). | J11: Media – il profilo ha valore solo se l'app ha traffico | K11: Google Business Profile, TheFork, TripAdvisor | L11: Fase 2 | M11: 4 | N11: 5 | O11: 4 | P11: =M11*Legenda!$C$4+N11*Legenda!$C$5+O11*Legenda!$C$6 -> 4.35 | Q11: =RANK(P11,$P$5:$P$17) -> 1
A12: 8 | B12: Dati di mercato | C12: Il ristoratore non sa cosa cercano i clienti nella sua zona né perché viene scelto o scartato. | D12: n.d. – da validare con interviste. | E12: — | F12: Insight sulla domanda espressa (ricerche reali) e sulla propria performance. | G12: "Insight di domanda": dashboard aggregata dalle ricerche Mapetite – intenti più cercati in zona (es. "brunch vegano", "rooftop romantico"), quante volte il locale è apparso, aperto, salvato; domanda senza risposta in zona. Dato proprietario = argomento "data moat" per gli investitori. | H12: Media | I12: Prerequisito: tabella search_logs (già in coda) – iniziare a registrare ORA. Solo dati aggregati e anonimi (GDPR, informativa). | J12: Molto alta – serve volume statistico per zona | K12: Da verificare | L12: Fase 3 (logging subito) | M12: 4 | N12: 5 | O12: 3 | P12: =M12*Legenda!$C$4+N12*Legenda!$C$5+O12*Legenda!$C$6 -> 4.1 | Q12: =RANK(P12,$P$5:$P$17) -> 3
A13: 9 | B13: Fidelizzazione | C13: Clienti che non tornano; pochi locali hanno CRM o programmi fedeltà. | D13: CRM attivo nel 41% dei ristoranti, loyalty nel 27%; ritorno entro 60 giorni 34% senza loyalty vs 48% con loyalty attiva. | E13: S1 | F13: Canale leggero di contatto con chi ha già mostrato interesse. | G13: Chi ha salvato il locale diventa "follower": il ristoratore può inviare max 1 aggiornamento al mese (nuovo menu, evento) a chi ha dato consenso. Niente CRM completo. | H13: Media | I13: Consenso marketing (GDPR), limiti anti-spam, gestione disiscrizione. | J13: Alta – il valore cresce con i salvataggi | K13: CRM di settore, gestionali di prenotazione | L13: Fase 3 | M13: 3 | N13: 4 | O13: 3 | P13: =M13*Legenda!$C$4+N13*Legenda!$C$5+O13*Legenda!$C$6 -> 3.35 | Q13: =RANK(P13,$P$5:$P$17) -> 8
A14: 10 | B14: Visibilità | C14: Informazioni errate o non aggiornate (orari, chiusure straordinarie, menu) che fanno perdere clienti o generano recensioni negative. | D14: n.d. – da validare con interviste. | E14: — | F14: Il locale corregge direttamente le proprie informazioni. | G14: Nel profilo rivendicato (riga 7): modifica di orari speciali, chiusure, menu (foto/PDF), con priorità sui dati Google in visualizzazione. | H14: Bassa-Media | I14: Verifica titolarità; regola di precedenza dato locale vs Google. | J14: Bassa | K14: Google Business Profile | L14: Fase 2 | M14: 3 | N14: 3 | O14: 4 | P14: =M14*Legenda!$C$4+N14*Legenda!$C$5+O14*Legenda!$C$6 -> 3.25 | Q14: =RANK(P14,$P$5:$P$17) -> 10
A15: 11 | B15: Domanda | C15: Fasce orarie deboli (pranzo, inizio settimana) con sala vuota e costi fissi invariati. | D15: n.d. – da validare con interviste. | E15: — | F15: Proposte mirate sulle fasce deboli, mostrate solo a chi cerca qualcosa di coerente. | G15: "Occasioni": il ristoratore pubblica una proposta su una fascia (es. menu pranzo, degustazione del martedì); compare nei risultati solo se pertinente alla ricerca, senza logica da sconto aggressivo. | H15: Media | I15: Regole di pertinenza nel ranking; evitare l'effetto "app di sconti" che svaluta il posizionamento. | J15: Alta | K15: TheFork (promozioni) | L15: Fase 3 | M15: 3 | N15: 4 | O15: 3 | P15: =M15*Legenda!$C$4+N15*Legenda!$C$5+O15*Legenda!$C$6 -> 3.35 | Q15: =RANK(P15,$P$5:$P$17) -> 8
A16: 12 | B16: Operatività | C16: Carenza di personale qualificato. | D16: Un'impresa su due dichiara difficoltà nel reperire personale (Rapporto Ristorazione Fipe 2026). | E16: S11 | F16: Ridurre il lavoro manuale non di servizio. | G16: NON fare un prodotto di recruiting/staffing. Beneficio indiretto: richieste di prenotazione strutturate (riga 3) riducono il tempo al telefono. | H16: Alta | I16: Fuori core. | J16: — | K16: Piattaforme di recruiting e staffing dedicate | L16: Non fare | M16: 5 | N16: 1 | O16: 1 | P16: =M16*Legenda!$C$4+N16*Legenda!$C$5+O16*Legenda!$C$6 -> 2.6 | Q16: =RANK(P16,$P$5:$P$17) -> 11
A17: 13 | B17: Economics | C17: Margini compressi da materie prime, energia, affitti e fisco. | D17: Margini compressi da costi di materie prime, energia, affitti e pressione fiscale; 29.097 cessazioni contro 10.719 aperture nel 2024. | E17: S12, S13 | F17: Software di food cost / acquisti. | G17: NON fare. Beneficio indiretto: più coperti su fasce deboli (riga 11) e meno no-show (riga 1). | H17: Alta | I17: Fuori core. | J17: — | K17: Gestionali di magazzino e food cost | L17: Non fare | M17: 5 | N17: 1 | O17: 1 | P17: =M17*Legenda!$C$4+N17*Legenda!$C$5+O17*Legenda!$C$6 -> 2.6 | Q17: =RANK(P17,$P$5:$P$17) -> 11

Sheet Legenda
A1: Legenda e pesi dello score
A3: Peso | B3: Criterio | C3: Valore peso | D3: Cosa misura
A4: w1 | B4: Valore per il ristoratore | C4: 0.4 | D4: Quanto il problema pesa sul conto economico del locale → disponibilità a pagare (1 = marginale, 5 = critico)
A5: w2 | B5: Vantaggio distintivo Mapetite | C5: 0.35 | D5: Quanto Mapetite è in posizione migliore dei concorrenti per risolverlo, grazie a ricerca AI, verdict, dati di intento (1 = nessun vantaggio, 5 = nativo)
A6: w3 | B6: Fattibilità | C6: 0.25 | D6: Facilità di realizzazione con il team attuale (Lorenzo + Claude + freelance): tecnica, legale, integrazioni (1 = proibitiva, 5 = immediata)
B7: Totale pesi | C7: =SUM(C4:C6) -> 1
A9: • | B9: Score = Valore×w1 + Vantaggio×w2 + Fattibilità×w3 (scala 1–5). I pesi in giallo sono modificabili: lo score e il ranking si ricalcolano.
A10: • | B10: I punteggi 1–5 (testo blu nel foglio principale) sono una valutazione qualitativa di Claude, NON dati: vanno rivisti con Roberto e validati con interviste ai ristoratori.
A11: • | B11: Colonna 'Evidenza': riporta solo dati con fonte (foglio Fonti). Dove scritto 'n.d. – da validare' non è stato trovato un dato affidabile.
A12: • | B12: Fasi: 'Ora' = decisione da prendere già per il pitch · 'Fase 2' = pilota B2B con 3–5 locali dopo il lancio ai tester · 'Fase 3' = richiede massa critica di utenti · 'Non fare' = fuori dal core.

Sheet Fonti
A1: Fonti
A3: Rif. | B3: Fonte | C3: URL
A4: S1 | B4: Osservatorio Incrementoo-Ristorazione 2025 (212.000 prenotazioni, 300 ristoranti, gen–ago 2025) – via Beverfood | C4: https://www.beverfood.com/ristorazione-2025-prenotazioni-digitali-e-fidelizzazione/
A5: S2 | B5: Incrementoo: 33,8% prenotazioni variate/cancellate/no-show – via BusinessOnline | C5: https://www.businessonline.it/news/cosa-si-rischia-se-si-prenota-al-ristorante-e-non-ci-si-presenta_n83960.html
A6: S3 | B6: Cooperto, analisi 500.000 prenotazioni gen–set 2025 – via Panorama | C6: https://www.panorama.it/attualita/economia/prenotazioni-online-e-cancellazioni-lampo-otto-ristoranti-su-dieci-rischiano-di-perdere-la-meta-dei-clienti
A7: S4 | B7: InTotheMinds, ricerca su 39 ristoranti stellati in 18 Paesi (pre-autorizzazione carta) | C7: https://www.intotheminds.com/blog/it/carta-di-credito-deposito-ristorante/
A8: S5 | B8: La Rassegna – condizioni TheFork per ristoratori (dato 2017, da aggiornare) | C8: https://www.larassegna.it/scarica-pdf/prenotazioni-on-line-per-i-ristoratori-una-sfida-da-non-rimandare/
A9: S6 | B9: CorCom – aumento commissioni TheFork +12,6% (gen 2023), posizione Fipe | C9: https://www.corrierecomunicazioni.it/digital-economy/the-fork-le-commissioni-salgono-del-126-fipe-aumenti-ingiustificati/
A10: S7 | B10: Gambero Rosso – costo del delivery per i ristoranti (Italia, 2020) | C10: https://www.gamberorosso.it/notizie/quanto-costa-il-food-delivery-ai-ristoranti-conviene-davvero/
A11: S8 | B11: Fooderise – commissioni piattaforme delivery (griglie Francia 2026) | C11: https://www.fooderise.com/en/platforms
A12: S9 | B12: Gambero Rosso – impatto recensioni false (sondaggio Epam, giu 2025) | C12: https://www.gamberorosso.it/notizie/attualita/recensioni-negative-ristoranti-impatti-dati/
A13: S10 | B13: Gambero Rosso – inchiesta racket recensioni | C13: https://www.gamberorosso.it/ristoranti/recensioni-false/
A14: S11 | B14: Milano Finanza – Rapporto Ristorazione Fipe 2026 (personale) | C14: https://www.milanofinanza.it/news/ristorazione-nel-2025-i-consumi-aumentato-a-100-miliardi-ma-restano-sotto-il-livello-pre-covid-202604091301405893
... A16: S13 | B16: BusinessOnline – Rapporto Fipe 2025 (margini e costi) | C16: https://www.businessonline.it/news/come-va-ristorazione-italia-dati-statistiche-fatturazione-utili_n77121.html
